Name,Price,Image Hover,Link
Micro thu âm không dây GoChek Ultra S25,"2,450,000₫",https://cdn.hstatic.net/products/200000564907/s25-2_bf605306e66b4fd78fcf449e757ff49d_large.png,https://gochek.vn/products/micro-thu-am-khong-day-gochek-ultra-s25
GoChek LivePro G1,"950,000₫",https://cdn.hstatic.net/products/200000564907/2_159eb2206d0c4daabe082735e2286e23_large.png,https://gochek.vn/products/gochek-livepro-g1
Tai nghe không dây GoChek SpaceX S-1000,"1,150,000₫",https://cdn.hstatic.net/products/200000564907/tai-nghe-s1000-1_3f7509d45f9d4641962d0a7e84dc449c_large.png,https://gochek.vn/products/tai-nghe-khong-day-gochek-spacex-s1000
Cáp chuyển đổi hỗ trợ sạc và kết nối mic GoChek,"150,000₫",https://product.hstatic.net/200000564907/product/ket_noi_s24_c5912321aed14e32a3039f2451552301_large.jpg,https://gochek.vn/products/cap-chuyen-doi-ho-tro-sac-va-ket-noi-mic-gochek
Micro thu âm không dây GoChek S23,"650,000₫",https://product.hstatic.net/200000564907/product/5_8437a1b4c0764fdc97d0f2f9636bcf09_large.jpg,https://gochek.vn/products/micro-thu-am-khong-day-gochek-s23
Micro hát đa năng GoChek HH24,"950,000₫",https://product.hstatic.net/200000564907/product/2_cd0129f138004530b1bf46217266882b_large.png,https://gochek.vn/products/micro-hat-da-nang-hh24
Micro thu âm không dây GoChek Ultra S24,"890,000₫",https://product.hstatic.net/200000564907/product/1_d88aac2345764599825c21ce4fb7f54d_large.png,https://gochek.vn/products/micro-thu-am-khong-day-gochek-ultra-s24
Đầu chuyển đổi chữ L từ type C qua các thiết bị khác,"90,000₫",https://product.hstatic.net/200000564907/product/27_f6383a0784ac4095b88030e545e61580_large.png,https://gochek.vn/products/dau-chuyen-chu-l-cho-mic-thu-am-gochek
Củ sạc GoChek A9 5W,"120,000₫",https://product.hstatic.net/200000564907/product/2_697e7562eb6f4a0a936c1099454f5f5f_large.jpg,https://gochek.vn/products/cu-sac-gochek-5w
"Gimbal điện thoại GoChek HunteX G5 - Thiết bị chống rung, quay video","1,985,000₫",https://product.hstatic.net/200000564907/product/2_615e6b1632d045f0a3a1255d6eb61653_large.jpg,https://gochek.vn/products/gimbal-dien-thoai-gochek-huntex-chong-rung
Micro GoChek Ultra Plus cho máy ảnh và điện thoại,"1,460,000₫",https://product.hstatic.net/200000564907/product/2_63c5349bdc584092af7e016b0524f571_large.png,https://gochek.vn/products/mic-thu-am-khong-day-gochek-ultra-plus
Gậy chụp ảnh GoChek SS100 2m2,"450,000₫",https://product.hstatic.net/200000564907/product/2_1cd48fed7cda420c9fcc5e99dd9438b6_large.jpg,https://gochek.vn/products/gay-chup-anh-4-chan-gochek-ss100
Tai nghe chụp tai bluetooth chống ồn GoChek SpaceX E1000,"640,000₫",https://product.hstatic.net/200000564907/product/10_38c0222ff289457dacaf5a8c5fa1bc8d_large.jpg,https://gochek.vn/products/tai-nghe-chup-tai-chong-on-bluetooth-gochek-space-x
Đầu chuyển đổi từ Type-C sang Lightning cho mic thu âm không dây GoChek,"70,000₫",https://product.hstatic.net/200000564907/product/dau_chuyen__4__c867024c6d69482e84334a5f83791007_large.jpg,https://gochek.vn/products/dau-chuyen-type-c-sang-lightning-cho-mic-thu-am-gochek-ultra
Đầu chuyển đổi Type C sang USB cho mic thu âm không dây GoChek,"70,000₫",https://product.hstatic.net/200000564907/product/8_2607558d7f374bb784ef1e74b4e4de15_large.jpg,https://gochek.vn/products/dau-chuyen-type-c-sang-usb-dung-cho-mic-thu-am-gochek
Đầu chuyển từ Type C sang Micro USB cho mic thu âm không dây GoChek,"20,000₫",https://product.hstatic.net/200000564907/product/dsc09073_baa5f2ec3b7749b5a7b7a165acc8e398_large.jpg,https://gochek.vn/products/dau-chuyen-type-c-sang-micro-usb-cho-mic-thu-am-gochek
