title,author,posted_at,link
Ukraine Hits Two Oil Facilities in Russia in Overnight Drone Wave,pheexio,2025-12-03T09:31:45.722000+0000,https://www.reddit.com/r/worldnews/comments/1pczt9f/ukraine_hits_two_oil_facilities_in_russia_in/
Reselling tickets for profit to be outlawed in UK government crackdown,westondeboer,2025-11-17T19:21:24.803000+0000,https://www.reddit.com/r/worldnews/comments/1ozpk0z/reselling_tickets_for_profit_to_be_outlawed_in_uk/
Hundreds of Porsche Cars in Russia Shut Down After Satellite System Failure,Creepy_Ring899,2025-12-03T11:40:47.840000+0000,https://www.reddit.com/r/worldnews/comments/1pd1xx3/hundreds_of_porsche_cars_in_russia_shut_down/
NATO allies pledge over $1 billion for US arms for Ukraine,AdSpecialist6598,2025-12-03T14:39:01.318000+0000,https://www.reddit.com/r/worldnews/comments/1pd5wzz/nato_allies_pledge_over_1_billion_for_us_arms_for/
EU tells Trump: You can’t pardon Putin for war crimes in Ukraine,HydrolicKrane,2025-12-01T10:28:07.970000+0000,https://www.reddit.com/r/worldnews/comments/1pb9dlu/eu_tells_trump_you_cant_pardon_putin_for_war/
"Japan PM’s pledge to ‘work, work, work, work, and work’ wins catchphrase of year",bkun9,2025-12-03T07:08:17.231000+0000,https://www.reddit.com/r/worldnews/comments/1pcxkiu/japan_pms_pledge_to_work_work_work_work_and_work/
"Family of Colombian fisherman killed in strike in the Caribbean files formal complaint against US: “By carrying out this extrajudicial killing, the United States has violated the American Declaration of the Rights and Duties of Man”",EssoEssex,2025-12-03T12:37:47.721000+0000,https://www.reddit.com/r/worldnews/comments/1pd30uj/family_of_colombian_fisherman_killed_in_strike_in/
French lawmakers vote to tax American retirees who freely benefit from social security,pyeri,2025-11-09T02:49:49.162000+0000,https://www.reddit.com/r/worldnews/comments/1os833q/french_lawmakers_vote_to_tax_american_retirees/
Colombia issues new statement on Trump’s military threat,Serene-Souls,2025-12-03T06:48:01.105000+0000,https://www.reddit.com/r/worldnews/comments/1pcx8iv/colombia_issues_new_statement_on_trumps_military/
"Russia has 'no say' over whether Ukraine can join NATO, Rutte says",AndroidOne1,2025-11-27T18:25:15.894000+0000,https://www.reddit.com/r/worldnews/comments/1p89c9t/russia_has_no_say_over_whether_ukraine_can_join/
NATO Official: Putin Is Bluffing About Readiness for War With Europe,jackytheblade,2025-12-02T23:16:50.705000+0000,https://www.reddit.com/r/worldnews/comments/1pcnuk5/nato_official_putin_is_bluffing_about_readiness/
"Putin threatens Europe with war if it wants one, as Ukraine peace talks falter",National-Dragonfly35,2025-12-03T14:24:48.651000+0000,https://www.reddit.com/r/worldnews/comments/1pd5jt2/putin_threatens_europe_with_war_if_it_wants_one/
"DragonFire laser shoots down high‑speed drones traveling at 400mph, costs $13 per shot — UK Navy to begin deploying system on destroyers",National-Dragonfly35,2025-11-24T19:53:14.167000+0000,https://www.reddit.com/r/worldnews/comments/1p5r876/dragonfire_laser_shoots_down_highspeed_drones/
Zelenskyy: Ukraine can’t accept a ceasefire that leaves Russia free to strike again,GoodTapestrys,2025-12-02T18:18:41.189000+0000,https://www.reddit.com/r/worldnews/comments/1pcfznk/zelenskyy_ukraine_cant_accept_a_ceasefire_that/
Telegraph: Trump prepares to recognise Russia's occupied territories in Ukraine,Internal_Shine_509,2025-11-28T13:50:31.648000+0000,https://www.reddit.com/r/worldnews/comments/1p8vbht/telegraph_trump_prepares_to_recognise_russias/
Europe Wants to Get the Word Out: Russia Is to Blame for Sabotage,AgentBlue62,2025-12-03T11:59:23.899000+0000,https://www.reddit.com/r/worldnews/comments/1pd2a3u/europe_wants_to_get_the_word_out_russia_is_to/
"Russian Cosmonaut Allegedly Photographed Confidential SpaceX Docs, Removed From NASA Crew-12 Mission",HydrolicKrane,2025-12-02T19:07:52.577000+0000,https://www.reddit.com/r/worldnews/comments/1pchcq9/russian_cosmonaut_allegedly_photographed/
Trump says US will permanently pause migration from 'Third World Countries',ShirtNeat5626,2025-11-28T04:55:04.482000+0000,https://www.reddit.com/r/worldnews/comments/1p8m7c9/trump_says_us_will_permanently_pause_migration/
"Putin says that if Europe wants war, then Russia is ready",bendubberley_,2025-12-02T16:02:31.665000+0000,https://www.reddit.com/r/worldnews/comments/1pcc8wf/putin_says_that_if_europe_wants_war_then_russia/
"Trump claims slain journalist Khashoggi was ‘extremely controversial,’ defends Saudi crown prince | CNN Politics",Plenty_Beautiful_547,2025-11-18T19:08:04.063000+0000,https://www.reddit.com/r/worldnews/comments/1p0ktko/trump_claims_slain_journalist_khashoggi_was/
Pope Leo Warns Trump Not To Launch War Against Venezuela’s Maduro,EssoEssex,2025-12-02T17:34:11.671000+0000,https://www.reddit.com/r/worldnews/comments/1pceqsa/pope_leo_warns_trump_not_to_launch_war_against/
Putin Warns of Possible Strikes on Ukrainian Allies’ Ships,ThatTallLankyGuy,2025-12-02T19:45:54.741000+0000,https://www.reddit.com/r/worldnews/comments/1pcidso/putin_warns_of_possible_strikes_on_ukrainian/
"Druzhba Pipeline ‘Will Keep Exploding and Burning,’ Ukraine Says After New Dec. 1 Strike",ArtArtisanse,2025-12-03T11:16:23.289000+0000,https://www.reddit.com/r/worldnews/comments/1pd1i5e/druzhba_pipeline_will_keep_exploding_and_burning/
Tanzania's president justifies brutal killings during election protests,God_slut,2025-12-02T22:51:27.490000+0000,https://www.reddit.com/r/worldnews/comments/1pcn869/tanzanias_president_justifies_brutal_killings/
2 former South African apartheid police officers are convicted of killing an activist 38 years ago,Immediate-Link490,2025-12-02T20:46:11.285000+0000,https://www.reddit.com/r/worldnews/comments/1pcjzlp/2_former_south_african_apartheid_police_officers/
Fitch : Greece is placed in the narrow core of countries that will manage to maintain surpluses - It will show the largest debt reduction in Europe in 2019-2026,Aegeansunset12,2025-12-03T14:19:34.157000+0000,https://www.reddit.com/r/worldnews/comments/1pd5eum/fitch_greece_is_placed_in_the_narrow_core_of/
"North Korea runs out of shells for Putin, Russia turns to faulty stockpiles",jackytheblade,2025-11-15T03:18:50.495000+0000,https://www.reddit.com/r/worldnews/comments/1oxh1vg/north_korea_runs_out_of_shells_for_putin_russia/
Pope returns 62 artifacts to Indigenous peoples from Canada as part of reckoning with colonial past,rezwenn,2025-11-15T15:22:23.513000+0000,https://www.reddit.com/r/worldnews/comments/1oxuc6e/pope_returns_62_artifacts_to_indigenous_peoples/
